,filename,algorithm,iterations,solution,time,kp_capacity,item_number,optimal_solution,aborted,result_over_time
0,data/a280_n279_uncorr_03.ttp,DP_numpy,0,77757,0.06817078590393066,38156,279,77757,False,[]
1,data/a280_n279_uncorr_03.ttp,Greedy,0,77431,0.0,38156,279,77757,False,[]
2,data/a280_n279_uncorr_03.ttp,(1+1)-EA zero_init_bin_p_2,4407626,77670,600.0000495910645,38156,279,77757,True,"[0, 75804, 76297, 76417, 76755, 76790, 77108, 77298, 77305, 77335, 77335, 77335, 77362, 77369, 77448, 77448, 77448, 77448, 77448, 77448, 77502, 77502, 77502, 77502, 77502, 77502, 77502, 77502, 77514, 77514, 77514, 77514, 77514, 77514, 77514, 77514, 77627, 77627, 77627, 77670, 77670, 77670, 77670, 77670, 77670, 77670, 77670, 77670, 77670, 77670, 77670, 77670, 77670, 77670, 77670, 77670, 77670, 77670, 77670, 77670]"
3,data/a280_n279_uncorr_03.ttp,(1+1)-EA greedy_init_bin_p2,4726160,77719,600.000049829483,38156,279,77757,True,"[77431, 77657, 77699, 77699, 77699, 77699, 77699, 77699, 77699, 77699, 77699, 77699, 77699, 77719, 77719, 77719, 77719, 77719, 77719, 77719, 77719, 77719, 77719, 77719, 77719, 77719, 77719, 77719, 77719, 77719, 77719, 77719, 77719, 77719, 77719, 77719, 77719, 77719, 77719, 77719, 77719, 77719, 77719, 77719, 77719, 77719, 77719, 77719, 77719, 77719, 77719, 77719, 77719, 77719, 77719, 77719, 77719, 77719, 77719, 77719]"
4,data/a280_n279_uncorr_03.ttp,(1+1)-EA zero_init_bin_p_6,4492753,77607,600.0000329017639,38156,279,77757,True,"[0, 76059, 76482, 76569, 76657, 76873, 77253, 77253, 77339, 77339, 77339, 77423, 77423, 77423, 77424, 77495, 77578, 77578, 77578, 77578, 77578, 77578, 77578, 77578, 77578, 77578, 77578, 77578, 77578, 77578, 77578, 77578, 77578, 77578, 77578, 77578, 77578, 77580, 77580, 77580, 77580, 77580, 77580, 77580, 77580, 77580, 77580, 77580, 77580, 77580, 77580, 77580, 77580, 77580, 77580, 77580, 77600, 77600, 77600, 77600]"
5,data/a280_n279_uncorr_03.ttp,(1+1)-EA greedy_init_bin_p6,4790431,77719,600.0002653598785,38156,279,77757,True,"[77719, 77719, 77719, 77719, 77719, 77719, 77719, 77719, 77719, 77719, 77719, 77719, 77719, 77719, 77719, 77719, 77719, 77719, 77719, 77719, 77719, 77719, 77719, 77719, 77719, 77719, 77719, 77719, 77719, 77719, 77719, 77719, 77719, 77719, 77719, 77719, 77719, 77719, 77719, 77719, 77719, 77719, 77719, 77719, 77719, 77719, 77719, 77719, 77719, 77719, 77719, 77719, 77719, 77719, 77719, 77719, 77719, 77719, 77719, 77719]"
