,filename,algorithm,iterations,solution,time,kp_capacity,item_number,optimal_solution,aborted,result_over_time
0,data/a280_n837_uncorr-similar-weights_08.ttp,DP_numpy,0,386105,3.882350206375122,611506,837,386105,False,[]
1,data/a280_n837_uncorr-similar-weights_08.ttp,Greedy,0,386104,0.0,611506,837,386105,False,[]
2,data/a280_n837_uncorr-similar-weights_08.ttp,(1+1)-EA zero_init_bin_p_2,4041082,386091,600.0000288486481,611506,837,386105,True,"[0, 381121, 383984, 384764, 384905, 385241, 385397, 385564, 385717, 385795, 385837, 385839, 385867, 385875, 385882, 385967, 385969, 386001, 386022, 386022, 386022, 386022, 386042, 386042, 386042, 386060, 386060, 386065, 386065, 386065, 386065, 386065, 386065, 386072, 386072, 386072, 386072, 386072, 386074, 386074, 386074, 386074, 386074, 386074, 386074, 386086, 386086, 386086, 386089, 386089, 386089, 386090, 386090, 386090, 386091, 386091, 386091, 386091, 386091, 386091]"
3,data/a280_n837_uncorr-similar-weights_08.ttp,(1+1)-EA greedy_init_bin_p2,4319184,386104,600.0000309944153,611506,837,386105,True,"[386104, 386104, 386104, 386104, 386104, 386104, 386104, 386104, 386104, 386104, 386104, 386104, 386104, 386104, 386104, 386104, 386104, 386104, 386104, 386104, 386104, 386104, 386104, 386104, 386104, 386104, 386104, 386104, 386104, 386104, 386104, 386104, 386104, 386104, 386104, 386104, 386104, 386104, 386104, 386104, 386104, 386104, 386104, 386104, 386104, 386104, 386104, 386104, 386104, 386104, 386104, 386104, 386104, 386104, 386104, 386104, 386104, 386104, 386104, 386104]"
4,data/a280_n837_uncorr-similar-weights_08.ttp,(1+1)-EA zero_init_bin_p_6,4056670,386091,600.0003190040588,611506,837,386105,True,"[0, 380988, 383338, 384214, 384725, 385126, 385349, 385584, 385686, 385771, 385823, 385864, 385864, 385864, 385889, 385940, 385986, 385986, 385996, 386019, 386019, 386019, 386019, 386019, 386053, 386053, 386053, 386053, 386053, 386055, 386055, 386055, 386055, 386060, 386062, 386062, 386062, 386062, 386074, 386074, 386076, 386076, 386076, 386076, 386076, 386076, 386076, 386076, 386085, 386085, 386085, 386085, 386085, 386085, 386091, 386091, 386091, 386091, 386091, 386091]"
5,data/a280_n837_uncorr-similar-weights_08.ttp,(1+1)-EA greedy_init_bin_p6,1825051,386105,249.70055150985718,611506,837,386105,False,"[386104, 386104, 386104, 386104, 386104, 386104, 386104, 386104, 386104, 386104, 386104, 386104, 386104, 386104, 386104, 386104, 386104, 386104, 386104, 386104, 386104, 386104, 386104, 386104, 386104]"
