,filename,algorithm,iterations,solution,time,kp_capacity,item_number,optimal_solution,aborted,result_over_time
0,data/a280_n279_uncorr-similar-weights_05.ttp,DP_numpy,0,98190,1.1582705974578857,127391,279,98190,False,[]
1,data/a280_n279_uncorr-similar-weights_05.ttp,Greedy,0,98190,0.0,127391,279,98190,False,[]
2,data/a280_n279_uncorr-similar-weights_05.ttp,(1+1)-EA zero_init_bin_p_2,607680,98190,84.70783758163452,127391,279,98190,False,"[0, 97720, 97874, 97930, 98146, 98146, 98165, 98165, 98171]"
3,data/a280_n279_uncorr-similar-weights_05.ttp,(1+1)-EA greedy_init_bin_p2,1,98190,3.814697265625e-06,127391,279,98190,False,[98190]
4,data/a280_n279_uncorr-similar-weights_05.ttp,(1+1)-EA zero_init_bin_p_6,3682845,98190,510.2354245185852,127391,279,98190,False,"[0, 97826, 97989, 98133, 98133, 98133, 98133, 98133, 98169, 98169, 98169, 98169, 98171, 98171, 98171, 98171, 98185, 98185, 98185, 98185, 98185, 98185, 98185, 98185, 98185, 98185, 98185, 98185, 98185, 98185, 98185, 98185, 98185, 98185, 98185, 98185, 98185, 98185, 98185, 98185, 98185, 98185, 98185, 98185, 98185, 98185, 98185, 98185, 98185, 98185, 98185, 98185]"
5,data/a280_n279_uncorr-similar-weights_05.ttp,(1+1)-EA greedy_init_bin_p6,1,98190,3.814697265625e-06,127391,279,98190,False,[98190]
