,filename,algorithm,iterations,solution,time,kp_capacity,item_number,optimal_solution,aborted,result_over_time
0,data/a280_n1395_uncorr-similar-weights_07.ttp,DP_numpy,0,601665,12.721709728240967,891815,1395,601665,False,[]
1,data/a280_n1395_uncorr-similar-weights_07.ttp,Greedy,0,601665,0.0,891815,1395,601665,False,[]
2,data/a280_n1395_uncorr-similar-weights_07.ttp,(1+1)-EA zero_init_bin_p_2,3756864,601584,600.0000207424164,891815,1395,601665,True,"[0, 585753, 592758, 595878, 597199, 598378, 599162, 599527, 599760, 600097, 600400, 600634, 600775, 600807, 600869, 600937, 601042, 601103, 601238, 601254, 601254, 601254, 601263, 601280, 601303, 601326, 601350, 601350, 601350, 601354, 601354, 601355, 601383, 601396, 601459, 601459, 601501, 601504, 601508, 601508, 601553, 601559, 601559, 601559, 601559, 601577, 601577, 601577, 601577, 601577, 601577, 601577, 601578, 601578, 601578, 601584, 601584, 601584, 601584, 601584]"
3,data/a280_n1395_uncorr-similar-weights_07.ttp,(1+1)-EA greedy_init_bin_p2,1,601665,4.0531158447265625e-06,891815,1395,601665,False,[601665]
4,data/a280_n1395_uncorr-similar-weights_07.ttp,(1+1)-EA zero_init_bin_p_6,3773032,601637,600.000063419342,891815,1395,601665,True,"[0, 585762, 593833, 597354, 598255, 598762, 599545, 599867, 600306, 600412, 600458, 600584, 600630, 600724, 600837, 601007, 601117, 601188, 601197, 601255, 601281, 601353, 601353, 601406, 601463, 601469, 601487, 601498, 601498, 601522, 601522, 601524, 601524, 601524, 601524, 601524, 601524, 601524, 601528, 601534, 601534, 601534, 601534, 601534, 601539, 601539, 601539, 601549, 601566, 601566, 601596, 601596, 601596, 601596, 601596, 601596, 601596, 601613, 601637, 601637]"
5,data/a280_n1395_uncorr-similar-weights_07.ttp,(1+1)-EA greedy_init_bin_p6,1,601665,3.5762786865234375e-06,891815,1395,601665,False,[601665]
