,filename,algorithm,iterations,solution,time,kp_capacity,item_number,optimal_solution,aborted,result_over_time
0,data/a280_n279_uncorr_04.ttp,DP_numpy,0,90218,0.08786463737487793,50875,279,90218,False,[]
1,data/a280_n279_uncorr_04.ttp,Greedy,0,89985,0.0,50875,279,90218,False,[]
2,data/a280_n279_uncorr_04.ttp,(1+1)-EA zero_init_bin_p_2,4541961,90057,600.0000083446503,50875,279,90218,True,"[0, 88553, 89357, 89653, 89653, 89666, 89666, 89821, 89925, 89925, 89925, 89925, 89925, 89925, 89954, 89999, 90012, 90012, 90012, 90029, 90029, 90029, 90029, 90029, 90029, 90029, 90029, 90052, 90052, 90052, 90052, 90052, 90052, 90052, 90052, 90052, 90052, 90052, 90052, 90052, 90052, 90052, 90052, 90052, 90052, 90052, 90052, 90052, 90052, 90052, 90052, 90052, 90052, 90052, 90052, 90052, 90052, 90052, 90052, 90052]"
3,data/a280_n279_uncorr_04.ttp,(1+1)-EA greedy_init_bin_p2,2200591,90218,269.87067580223083,50875,279,90218,False,"[89985, 90159, 90159, 90159, 90159, 90159, 90159, 90159, 90159, 90166, 90166, 90166, 90166, 90166, 90166, 90166, 90166, 90166, 90166, 90166, 90166, 90166, 90166, 90166, 90166, 90166, 90166]"
4,data/a280_n279_uncorr_04.ttp,(1+1)-EA zero_init_bin_p_6,4528860,90053,600.000067949295,50875,279,90218,True,"[0, 88544, 89034, 89510, 89552, 89552, 89623, 89702, 89702, 89702, 89702, 89831, 89831, 89831, 89831, 89831, 89831, 89831, 89831, 89831, 89876, 89903, 89903, 89903, 89903, 89903, 89903, 89912, 89912, 89912, 89912, 89912, 89912, 89912, 89912, 89912, 89912, 89912, 89912, 90053, 90053, 90053, 90053, 90053, 90053, 90053, 90053, 90053, 90053, 90053, 90053, 90053, 90053, 90053, 90053, 90053, 90053, 90053, 90053, 90053]"
5,data/a280_n279_uncorr_04.ttp,(1+1)-EA greedy_init_bin_p6,1,90218,3.5762786865234375e-06,50875,279,90218,False,[90218]
