,filename,algorithm,iterations,solution,time,kp_capacity,item_number,optimal_solution,aborted,result_over_time
0,data/a280_n279_uncorr_02.ttp,DP_numpy,0,63777,0.047644615173339844,25437,279,63777,False,[]
1,data/a280_n279_uncorr_02.ttp,Greedy,0,63594,0.0,25437,279,63777,False,[]
2,data/a280_n279_uncorr_02.ttp,(1+1)-EA zero_init_bin_p_2,4409385,63672,600.0000576972961,25437,279,63777,True,"[0, 62277, 63028, 63323, 63400, 63418, 63479, 63479, 63479, 63479, 63479, 63479, 63479, 63494, 63527, 63527, 63561, 63561, 63561, 63580, 63580, 63580, 63580, 63580, 63580, 63580, 63580, 63580, 63580, 63580, 63580, 63580, 63580, 63580, 63580, 63580, 63580, 63580, 63580, 63580, 63580, 63580, 63580, 63599, 63599, 63599, 63599, 63616, 63616, 63616, 63616, 63616, 63616, 63652, 63652, 63652, 63672, 63672, 63672, 63672]"
3,data/a280_n279_uncorr_02.ttp,(1+1)-EA greedy_init_bin_p2,4766706,63755,600.0001163482666,25437,279,63777,True,"[63594, 63655, 63655, 63655, 63655, 63655, 63655, 63655, 63655, 63655, 63655, 63689, 63689, 63689, 63689, 63689, 63689, 63689, 63689, 63689, 63689, 63689, 63689, 63689, 63689, 63748, 63748, 63748, 63748, 63748, 63755, 63755, 63755, 63755, 63755, 63755, 63755, 63755, 63755, 63755, 63755, 63755, 63755, 63755, 63755, 63755, 63755, 63755, 63755, 63755, 63755, 63755, 63755, 63755, 63755, 63755, 63755, 63755, 63755, 63755]"
4,data/a280_n279_uncorr_02.ttp,(1+1)-EA zero_init_bin_p_6,4440534,63760,600.0000433921814,25437,279,63777,True,"[0, 62433, 62837, 63219, 63311, 63354, 63602, 63602, 63602, 63602, 63607, 63607, 63607, 63607, 63607, 63607, 63607, 63607, 63607, 63607, 63607, 63607, 63607, 63607, 63607, 63607, 63607, 63607, 63607, 63607, 63607, 63607, 63607, 63607, 63607, 63635, 63635, 63654, 63713, 63713, 63713, 63760, 63760, 63760, 63760, 63760, 63760, 63760, 63760, 63760, 63760, 63760, 63760, 63760, 63760, 63760, 63760, 63760, 63760, 63760]"
5,data/a280_n279_uncorr_02.ttp,(1+1)-EA greedy_init_bin_p6,4760666,63755,600.0000841617584,25437,279,63777,True,"[63755, 63755, 63755, 63755, 63755, 63755, 63755, 63755, 63755, 63755, 63755, 63755, 63755, 63755, 63755, 63755, 63755, 63755, 63755, 63755, 63755, 63755, 63755, 63755, 63755, 63755, 63755, 63755, 63755, 63755, 63755, 63755, 63755, 63755, 63755, 63755, 63755, 63755, 63755, 63755, 63755, 63755, 63755, 63755, 63755, 63755, 63755, 63755, 63755, 63755, 63755, 63755, 63755, 63755, 63755, 63755, 63755, 63755, 63755, 63755]"
