,filename,algorithm,iterations,solution,time,kp_capacity,item_number,optimal_solution,aborted,result_over_time
0,data/a280_n279_uncorr_01.ttp,DP_numpy,0,46207,0.02753448486328125,12718,279,46207,False,[]
1,data/a280_n279_uncorr_01.ttp,Greedy,0,45990,0.0,12718,279,46207,False,[]
2,data/a280_n279_uncorr_01.ttp,(1+1)-EA zero_init_bin_p_2,4413655,46084,600.0000557899475,12718,279,46207,True,"[0, 43860, 44310, 44691, 45315, 45321, 45477, 45546, 45546, 45659, 45758, 45889, 45889, 45889, 45889, 45889, 45889, 45889, 45889, 46000, 46009, 46009, 46074, 46074, 46084, 46084, 46084, 46084, 46084, 46084, 46084, 46084, 46084, 46084, 46084, 46084, 46084, 46084, 46084, 46084, 46084, 46084, 46084, 46084, 46084, 46084, 46084, 46084, 46084, 46084, 46084, 46084, 46084, 46084, 46084, 46084, 46084, 46084, 46084, 46084]"
3,data/a280_n279_uncorr_01.ttp,(1+1)-EA greedy_init_bin_p2,4700210,46062,600.000049829483,12718,279,46207,True,"[45990, 46062, 46062, 46062, 46062, 46062, 46062, 46062, 46062, 46062, 46062, 46062, 46062, 46062, 46062, 46062, 46062, 46062, 46062, 46062, 46062, 46062, 46062, 46062, 46062, 46062, 46062, 46062, 46062, 46062, 46062, 46062, 46062, 46062, 46062, 46062, 46062, 46062, 46062, 46062, 46062, 46062, 46062, 46062, 46062, 46062, 46062, 46062, 46062, 46062, 46062, 46062, 46062, 46062, 46062, 46062, 46062, 46062, 46062, 46062]"
4,data/a280_n279_uncorr_01.ttp,(1+1)-EA zero_init_bin_p_6,4438966,46040,600.0000796318054,12718,279,46207,True,"[0, 44023, 45373, 45513, 45689, 45794, 45794, 45794, 45794, 45794, 45929, 45929, 45929, 45948, 45948, 45948, 45961, 45961, 45961, 45961, 45961, 45961, 45961, 45961, 45961, 45961, 45961, 45961, 45961, 45961, 45961, 45961, 45961, 45961, 45961, 45961, 45961, 45961, 45961, 46040, 46040, 46040, 46040, 46040, 46040, 46040, 46040, 46040, 46040, 46040, 46040, 46040, 46040, 46040, 46040, 46040, 46040, 46040, 46040, 46040]"
5,data/a280_n279_uncorr_01.ttp,(1+1)-EA greedy_init_bin_p6,4760175,46062,600.0000219345093,12718,279,46207,True,"[46062, 46062, 46062, 46062, 46062, 46062, 46062, 46062, 46062, 46062, 46062, 46062, 46062, 46062, 46062, 46062, 46062, 46062, 46062, 46062, 46062, 46062, 46062, 46062, 46062, 46062, 46062, 46062, 46062, 46062, 46062, 46062, 46062, 46062, 46062, 46062, 46062, 46062, 46062, 46062, 46062, 46062, 46062, 46062, 46062, 46062, 46062, 46062, 46062, 46062, 46062, 46062, 46062, 46062, 46062, 46062, 46062, 46062, 46062, 46062]"
