,filename,algorithm,iterations,solution,time,kp_capacity,item_number,optimal_solution,aborted
0,data/a280_n279_uncorr_01.ttp,DP,0,46207.0,18.745882749557495,12718,279,46207.0,False
1,data/a280_n279_uncorr_01.ttp,Greedy,0,45990.0,0.0,12718,279,46207.0,False
2,data/a280_n279_uncorr_01.ttp,(1+1)-EA zero_init,1085902,45804.0,60.00003480911255,12718,279,46207.0,True
3,data/a280_n279_uncorr_01.ttp,(1+1)-EA greedy_init,1076227,46124.0,60.000006437301636,12718,279,46207.0,True
