,filename,algorithm,iterations,solution,time,kp_capacity,item_number,optimal_solution,aborted
0,data/a280_n1395_uncorr_01.ttp,DP_opt,0,235270.0,358.24242973327637,62890,1395,235270.0,False
1,data/a280_n1395_uncorr_01.ttp,Greedy,0,234416.0,0.0,62890,1395,235270.0,False
2,data/a280_n1395_uncorr_01.ttp,(1+1)-EA zero_init,14769056,234835.0,600.0000207424164,62890,1395,235270.0,True
3,data/a280_n1395_uncorr_01.ttp,(1+1)-EA greedy_init,16493541,235174.0,600.0000009536743,62890,1395,235270.0,True
