,filename,algorithm,iterations,solution,time,kp_capacity,item_number,optimal_solution,aborted
0,data/a280_n279_uncorr_04.ttp,DP,0,90218.0,38.62903428077698,50875,279,90218.0,False
1,data/a280_n279_uncorr_04.ttp,Greedy,0,89985.0,0.0,50875,279,90218.0,False
2,data/a280_n279_uncorr_04.ttp,(1+1)-EA zero_init,1572656,89832.0,60.00003719329834,50875,279,90218.0,True
3,data/a280_n279_uncorr_04.ttp,(1+1)-EA greedy_init,2419135,90167.0,60.00000333786011,50875,279,90218.0,True
